1,Natasha,en-AU,en-AU-NatashaNeural,Australia
2,William,en-AU,en-AU-WilliamNeural,Australia
3,Annette,en-AU,en-AU-AnnetteNeural,Australia
4,Carly,en-AU,en-AU-CarlyNeural,Australia
5,Darren,en-AU,en-AU-DarrenNeural,Australia
6,Duncan,en-AU,en-AU-DuncanNeural,Australia
7,Elsie,en-AU,en-AU-ElsieNeural,Australia
8,Freya,en-AU,en-AU-FreyaNeural,Australia
9,Joanne,en-AU,en-AU-JoanneNeural,Australia
10,Ken,en-AU,en-AU-KenNeural,Australia
11,Kim,en-AU,en-AU-KimNeural,Australia
12,Neil,en-AU,en-AU-NeilNeural,Australia
13,Tim,en-AU,en-AU-TimNeural,Australia
14,Tina,en-AU,en-AU-TinaNeural,Australia
15,Clara,en-CA,en-CA-ClaraNeural,Canada
16,Liam,en-CA,en-CA-LiamNeural,Canada
17,Sonia,en-GB,en-GB-SoniaNeural,Breat Britain
18,Ryan,en-GB,en-GB-RyanNeural,Breat Britain
19,Libby,en-GB,en-GB-LibbyNeural,Breat Britain
20,Abbi,en-GB,en-GB-AbbiNeural,Breat Britain
21,Alfie,en-GB,en-GB-AlfieNeural,Breat Britain
22,Bella,en-GB,en-GB-BellaNeural,Breat Britain
23,Elliot,en-GB,en-GB-ElliotNeural,Breat Britain
24,Ethan,en-GB,en-GB-EthanNeural,Breat Britain
25,Hollie,en-GB,en-GB-HollieNeural,Breat Britain
26,Maisie,en-GB,en-GB-MaisieNeural,Breat Britain
27,Noah,en-GB,en-GB-NoahNeural,Breat Britain
28,Oliver,en-GB,en-GB-OliverNeural,Breat Britain
29,Olivia,en-GB,en-GB-OliviaNeural,Breat Britain
30,Thomas,en-GB,en-GB-ThomasNeural,Breat Britain
31,Mia,en-GB,en-GB-MiaNeural,Breat Britain
32,Yan,en-HK,en-HK-YanNeural,Hong Kong
33,Sam,en-HK,en-HK-SamNeural,Hong Kong
34,Emily,en-IE,en-IE-EmilyNeural,Ireland
35,Connor,en-IE,en-IE-ConnorNeural,Ireland
36,Neerja,en-IN,en-IN-NeerjaNeural,India
37,Prabhat,en-IN,en-IN-PrabhatNeural,India
38,Asilia,en-KE,en-KE-AsiliaNeural,Kenya
39,Chilemba,en-KE,en-KE-ChilembaNeural,Kenya
40,Ezinne,en-NG,en-NG-EzinneNeural,Nigeria
41,Abeo,en-NG,en-NG-AbeoNeural,Nigeria
42,Molly,en-NZ,en-NZ-MollyNeural,New Zealand
43,Mitchell,en-NZ,en-NZ-MitchellNeural,New Zealand
44,Rosa,en-PH,en-PH-RosaNeural,Philippines
45,James,en-PH,en-PH-JamesNeural,Philippines
46,Luna,en-SG,en-SG-LunaNeural,Singapore
47,Wayne,en-SG,en-SG-WayneNeural,Singapore
48,Imani,en-TZ,en-TZ-ImaniNeural,Tanzania
49,Elimu,en-TZ,en-TZ-ElimuNeural,Tanzania
50,Jenny Multilingual,en-US,en-US-JennyMultilingualNeural,United States
51,Jenny,en-US,en-US-JennyNeural,United States
52,Guy,en-US,en-US-GuyNeural,United States
53,Aria,en-US,en-US-AriaNeural,United States
54,Davis,en-US,en-US-DavisNeural,United States
55,Amber,en-US,en-US-AmberNeural,United States
56,Ana,en-US,en-US-AnaNeural,United States
57,Ashley,en-US,en-US-AshleyNeural,United States
58,Brandon,en-US,en-US-BrandonNeural,United States
59,Christopher,en-US,en-US-ChristopherNeural,United States
60,Cora,en-US,en-US-CoraNeural,United States
61,Elizabeth,en-US,en-US-ElizabethNeural,United States
62,Eric,en-US,en-US-EricNeural,United States
63,Jacob,en-US,en-US-JacobNeural,United States
64,Jane,en-US,en-US-JaneNeural,United States
65,Jason,en-US,en-US-JasonNeural,United States
66,Michelle,en-US,en-US-MichelleNeural,United States
67,Monica,en-US,en-US-MonicaNeural,United States
68,Nancy,en-US,en-US-NancyNeural,United States
69,Roger,en-US,en-US-RogerNeural,United States
70,Sara,en-US,en-US-SaraNeural,United States
71,Steffan,en-US,en-US-SteffanNeural,United States
72,Tony,en-US,en-US-TonyNeural,United States
73,Leah,en-ZA,en-ZA-LeahNeural,South Africa
74,Luke,en-ZA,en-ZA-LukeNeural,South Africa
